sample_id	PC1	PC2
weighted_meth_pct.SRR10382875	-1.87716625582553	1.56324294504208
weighted_meth_pct.SRR10382876	-1.28982552778498	-0.205864464876687
weighted_meth_pct.SRR10382877	-1.34695466660928	-1.50080529612055
weighted_meth_pct.SRR10382878	4.51394645021979	0.143426815955152
